candidate_id,rank,final_score,semantic_score,experience_score,behavioral_score,context_score,explanation
CID-0161,1,0.6497,0.3712,0.9959,0.6686,0.7902,Limited direct skill match with JD. 6y experience matches the 5-8y requirement.
CID-0425,2,0.629,0.1683,1.0,0.9182,0.8536,Limited direct skill match with JD. 5y experience matches the 5-8y requirement. highly active profile with recent updates. location match (Bengaluru).
CID-0006,3,0.621,0.1946,0.9709,0.9698,0.7098,Limited direct skill match with JD. 7y experience matches the 5-8y requirement. highly active profile with recent updates. location match (Bengaluru).
CID-0482,4,0.6178,0.2655,1.0,0.8432,0.62,Limited direct skill match with JD. 6y experience matches the 5-8y requirement. highly active profile with recent updates.
CID-0194,5,0.6177,0.2944,0.6612,0.9256,0.9971,"Limited direct skill match with JD. 12y experience (exceeds requirement, strong seniority). highly active profile with recent updates. location match (Pune)."
CID-0491,6,0.6075,0.1384,1.0,0.9087,0.8024,Limited direct skill match with JD. 6y experience matches the 5-8y requirement. highly active profile with recent updates.
CID-0438,7,0.607,0.1876,1.0,0.9026,0.6763,Limited direct skill match with JD. 6y experience matches the 5-8y requirement. highly active profile with recent updates.
CID-0454,8,0.6051,0.1776,0.9842,0.6901,1.0,Limited direct skill match with JD. 5y experience matches the 5-8y requirement. location match (Remote — India).
CID-0246,9,0.6038,0.2053,0.904,0.8285,0.8666,Limited direct skill match with JD. 8y experience matches the 5-8y requirement. highly active profile with recent updates. location match (Bengaluru).
CID-0162,10,0.6016,0.2599,0.8629,0.7862,0.8313,"Limited direct skill match with JD. 9y experience (exceeds requirement, strong seniority). highly active profile with recent updates. location match (Remote — India)."
CID-0127,11,0.5975,0.2403,1.0,0.6066,0.8668,Limited direct skill match with JD. 6y experience matches the 5-8y requirement. location match (Remote — India).
CID-0318,12,0.5964,0.2347,0.9015,0.7414,0.859,"Limited direct skill match with JD. 9y experience (exceeds requirement, strong seniority). highly active profile with recent updates. location match (Hyderabad)."
CID-0237,13,0.5938,0.1857,1.0,0.8247,0.6975,Limited direct skill match with JD. 5y experience matches the 5-8y requirement. highly active profile with recent updates. location match (Remote — India).
CID-0263,14,0.5935,0.219,0.998,0.9363,0.4607,Limited direct skill match with JD. 6y experience matches the 5-8y requirement. highly active profile with recent updates.
CID-0303,15,0.5898,0.2743,0.7208,1.0,0.6657,"Limited direct skill match with JD. 17y experience (exceeds requirement, strong seniority). highly active profile with recent updates."
CID-0129,16,0.587,0.2137,0.8605,0.8605,0.7622,Limited direct skill match with JD. 8y experience matches the 5-8y requirement. highly active profile with recent updates.
CID-0207,17,0.5865,0.1365,0.9972,0.663,1.0,Limited direct skill match with JD. 5y experience matches the 5-8y requirement. location match (Hyderabad).
CID-0178,18,0.5862,0.148,1.0,0.6563,0.9713,Limited direct skill match with JD. 8y experience matches the 5-8y requirement. location match (Remote — India).
CID-0086,19,0.5821,0.1226,0.9862,0.831,0.8019,Limited direct skill match with JD. 8y experience matches the 5-8y requirement. highly active profile with recent updates.
CID-0351,20,0.5811,0.245,1.0,0.6649,0.6672,Limited direct skill match with JD. 8y experience matches the 5-8y requirement.
CID-0136,21,0.5803,0.1515,0.9531,0.7675,0.8529,Limited direct skill match with JD. 6y experience matches the 5-8y requirement. highly active profile with recent updates. location match (Remote — India).
CID-0294,22,0.5799,0.1766,1.0,0.6951,0.8016,Limited direct skill match with JD. 5y experience matches the 5-8y requirement.
CID-0286,23,0.579,0.1012,0.8661,0.966,0.8588,Limited direct skill match with JD. 6y experience matches the 5-8y requirement. highly active profile with recent updates. location match (Remote — India).
CID-0147,24,0.5785,0.1512,0.8699,0.9732,0.706,"Limited direct skill match with JD. 9y experience (exceeds requirement, strong seniority). highly active profile with recent updates. location match (Pune)."
CID-0199,25,0.5781,0.2606,0.9725,0.4902,0.8849,Limited direct skill match with JD. 7y experience matches the 5-8y requirement. location match (Remote — India).
CID-0377,26,0.5772,0.1824,0.9948,0.7797,0.6642,Limited direct skill match with JD. 7y experience matches the 5-8y requirement. highly active profile with recent updates.
CID-0124,27,0.5758,0.0906,1.0,0.8285,0.8258,Limited direct skill match with JD. 5y experience matches the 5-8y requirement. highly active profile with recent updates.
CID-0184,28,0.5757,0.1352,0.8736,0.8896,0.8355,Limited direct skill match with JD. 4y experience (below 5-8y target range). highly active profile with recent updates. location match (Pune).
CID-0015,29,0.5747,0.1749,0.9084,0.8881,0.6667,"Limited direct skill match with JD. 9y experience (exceeds requirement, strong seniority). highly active profile with recent updates."
CID-0472,30,0.5742,0.1686,0.7693,0.9785,0.7916,"Limited direct skill match with JD. 12y experience (exceeds requirement, strong seniority). highly active profile with recent updates."
CID-0331,31,0.5735,0.3258,0.7243,0.8196,0.6543,"Limited direct skill match with JD. 11y experience (exceeds requirement, strong seniority). highly active profile with recent updates."
CID-0037,32,0.5724,0.1186,1.0,0.7806,0.7921,Limited direct skill match with JD. 5y experience matches the 5-8y requirement. highly active profile with recent updates.
CID-0325,33,0.5716,0.196,0.8735,0.8307,0.7248,"Limited direct skill match with JD. 9y experience (exceeds requirement, strong seniority). highly active profile with recent updates. location match (Hyderabad)."
CID-0478,34,0.5716,0.2466,1.0,0.6279,0.6491,Limited direct skill match with JD. 8y experience matches the 5-8y requirement.
CID-0011,35,0.5712,0.2348,0.8741,0.7563,0.7164,Limited direct skill match with JD. 7y experience matches the 5-8y requirement. highly active profile with recent updates. location match (Hyderabad).
CID-0404,36,0.5704,0.1648,0.9722,0.7713,0.7143,Limited direct skill match with JD. 5y experience matches the 5-8y requirement. highly active profile with recent updates. location match (Hyderabad).
CID-0423,37,0.5698,0.2396,0.9825,0.5511,0.7874,Limited direct skill match with JD. 7y experience matches the 5-8y requirement.
CID-0440,38,0.5696,0.177,1.0,0.7804,0.6184,Limited direct skill match with JD. 8y experience matches the 5-8y requirement. highly active profile with recent updates.
CID-0174,39,0.5694,0.0766,0.9581,0.9166,0.7728,Limited direct skill match with JD. 5y experience matches the 5-8y requirement. highly active profile with recent updates.
CID-0293,40,0.5685,0.2628,0.7608,0.8706,0.6605,"Limited direct skill match with JD. 9y experience (exceeds requirement, strong seniority). highly active profile with recent updates."
CID-0135,41,0.5682,0.1924,0.9038,0.7339,0.7901,"Limited direct skill match with JD. 10y experience (exceeds requirement, strong seniority). highly active profile with recent updates."
CID-0083,42,0.568,0.2117,0.6622,1.0,0.7854,"Limited direct skill match with JD. 13y experience (exceeds requirement, strong seniority). highly active profile with recent updates."
CID-0477,43,0.5675,0.207,0.8902,0.9267,0.5121,Limited direct skill match with JD. 7y experience matches the 5-8y requirement. highly active profile with recent updates.
CID-0185,44,0.5673,0.1634,1.0,0.7236,0.7147,Limited direct skill match with JD. 7y experience matches the 5-8y requirement. highly active profile with recent updates. location match (Hyderabad).
CID-0092,45,0.5672,0.1661,0.8973,0.7211,0.8814,Limited direct skill match with JD. 6y experience matches the 5-8y requirement. highly active profile with recent updates. location match (Pune).
CID-0316,46,0.5664,0.1987,1.0,0.7901,0.5259,Limited direct skill match with JD. 6y experience matches the 5-8y requirement. highly active profile with recent updates.
CID-0166,47,0.5649,0.232,0.8735,0.744,0.6996,Limited direct skill match with JD. 4y experience (below 5-8y target range). highly active profile with recent updates. location match (Pune).
CID-0345,48,0.5644,0.2835,0.9443,0.5846,0.6534,"Limited direct skill match with JD. 9y experience (exceeds requirement, strong seniority)."
CID-0151,49,0.5639,0.255,1.0,0.5704,0.6524,Limited direct skill match with JD. 6y experience matches the 5-8y requirement.
CID-0159,50,0.5638,0.0913,0.709,1.0,1.0,"Limited direct skill match with JD. 14y experience (exceeds requirement, strong seniority). highly active profile with recent updates. location match (Pune)."
CID-0452,51,0.5621,0.21,0.991,0.7783,0.498,Limited direct skill match with JD. 7y experience matches the 5-8y requirement. highly active profile with recent updates.
CID-0070,52,0.5612,0.2392,1.0,0.6822,0.527,Limited direct skill match with JD. 8y experience matches the 5-8y requirement.
CID-0224,53,0.5592,0.0951,0.9186,0.8062,0.8687,Limited direct skill match with JD. 4y experience (below 5-8y target range). highly active profile with recent updates. location match (Remote — India).
CID-0087,54,0.5578,0.1246,0.7352,0.9858,0.8467,"Limited direct skill match with JD. 15y experience (exceeds requirement, strong seniority). highly active profile with recent updates. location match (Bengaluru)."
CID-0494,55,0.5572,0.1517,0.9903,0.7716,0.6306,Limited direct skill match with JD. 6y experience matches the 5-8y requirement. highly active profile with recent updates.
CID-0181,56,0.5566,0.2013,0.7278,1.0,0.6276,"Limited direct skill match with JD. 13y experience (exceeds requirement, strong seniority). highly active profile with recent updates."
CID-0064,57,0.5558,0.2447,0.8897,0.6906,0.6494,Limited direct skill match with JD. 6y experience matches the 5-8y requirement.
CID-0389,58,0.5556,0.2114,0.7093,0.8107,0.8771,"Limited direct skill match with JD. 13y experience (exceeds requirement, strong seniority). highly active profile with recent updates. location match (Hyderabad)."
CID-0084,59,0.5541,0.1722,0.8707,0.8715,0.6215,"Limited direct skill match with JD. 10y experience (exceeds requirement, strong seniority). highly active profile with recent updates."
CID-0290,60,0.554,0.0942,0.7657,0.9943,0.8402,"Limited direct skill match with JD. 10y experience (exceeds requirement, strong seniority). highly active profile with recent updates. location match (Hyderabad)."
CID-0458,61,0.5535,0.2461,0.6069,0.9813,0.7141,"Limited direct skill match with JD. 12y experience (exceeds requirement, strong seniority). highly active profile with recent updates. location match (Bengaluru)."
CID-0346,62,0.5533,0.284,0.8639,0.7652,0.4714,"Limited direct skill match with JD. 10y experience (exceeds requirement, strong seniority). highly active profile with recent updates."
CID-0179,63,0.5528,0.2898,0.6917,0.8318,0.6503,"Limited direct skill match with JD. 17y experience (exceeds requirement, strong seniority). highly active profile with recent updates."
CID-0242,64,0.5525,0.2309,0.8892,0.697,0.6565,Limited direct skill match with JD. 5y experience matches the 5-8y requirement.
CID-0252,65,0.5522,0.1585,0.8956,0.8298,0.6595,"Limited direct skill match with JD. 9y experience (exceeds requirement, strong seniority). highly active profile with recent updates."
CID-0163,66,0.5511,0.1607,0.8841,0.7246,0.806,Limited direct skill match with JD. 8y experience matches the 5-8y requirement. highly active profile with recent updates.
CID-0172,67,0.551,0.2049,0.8804,0.7642,0.6408,"Limited direct skill match with JD. 10y experience (exceeds requirement, strong seniority). highly active profile with recent updates."
CID-0360,68,0.551,0.1741,0.8852,0.8209,0.6395,Limited direct skill match with JD. 6y experience matches the 5-8y requirement. highly active profile with recent updates.
CID-0005,69,0.5506,0.2384,1.0,0.6528,0.4979,Limited direct skill match with JD. 6y experience matches the 5-8y requirement.
CID-0298,70,0.5506,0.1394,0.868,0.9168,0.6299,Limited direct skill match with JD. 8y experience matches the 5-8y requirement. highly active profile with recent updates.
CID-0266,71,0.5502,0.2205,0.6358,0.8679,0.8633,"Limited direct skill match with JD. 12y experience (exceeds requirement, strong seniority). highly active profile with recent updates. location match (Hyderabad)."
CID-0211,72,0.5501,0.1499,1.0,0.587,0.8184,Limited direct skill match with JD. 6y experience matches the 5-8y requirement. location match (Bengaluru).
CID-0279,73,0.5494,0.1602,0.8681,0.836,0.6743,"Limited direct skill match with JD. 10y experience (exceeds requirement, strong seniority). highly active profile with recent updates."
CID-0133,74,0.5491,0.2524,0.7015,0.9729,0.5212,"Limited direct skill match with JD. 13y experience (exceeds requirement, strong seniority). highly active profile with recent updates."
CID-0041,75,0.549,0.2692,0.6522,0.8717,0.6931,"Limited direct skill match with JD. 11y experience (exceeds requirement, strong seniority). highly active profile with recent updates."
CID-0240,76,0.549,0.1953,1.0,0.7233,0.5084,Limited direct skill match with JD. 5y experience matches the 5-8y requirement. highly active profile with recent updates.
CID-0449,77,0.5484,0.127,0.9888,0.7724,0.6397,Limited direct skill match with JD. 7y experience matches the 5-8y requirement. highly active profile with recent updates.
CID-0223,78,0.5482,0.1346,1.0,0.7465,0.6339,Limited direct skill match with JD. 6y experience matches the 5-8y requirement. highly active profile with recent updates.
CID-0197,79,0.5481,0.2077,0.7375,0.8048,0.7981,"Limited direct skill match with JD. 19y experience (exceeds requirement, strong seniority). highly active profile with recent updates."
CID-0074,80,0.548,0.1568,0.9882,0.7226,0.6247,Limited direct skill match with JD. 5y experience matches the 5-8y requirement. highly active profile with recent updates.
CID-0204,81,0.5478,0.195,1.0,0.7289,0.4936,Limited direct skill match with JD. 5y experience matches the 5-8y requirement. highly active profile with recent updates.
CID-0445,82,0.5475,0.1336,0.8901,0.7333,0.8325,Limited direct skill match with JD. 4y experience (below 5-8y target range). highly active profile with recent updates. location match (Pune).
CID-0305,83,0.5471,0.2214,0.9865,0.564,0.6605,Limited direct skill match with JD. 6y experience matches the 5-8y requirement.
CID-0481,84,0.5469,0.1819,0.7395,0.96,0.6482,"Limited direct skill match with JD. 10y experience (exceeds requirement, strong seniority). highly active profile with recent updates."
CID-0288,85,0.5456,0.1668,0.8833,0.7852,0.6732,Limited direct skill match with JD. 8y experience matches the 5-8y requirement. highly active profile with recent updates.
CID-0095,86,0.5454,0.2033,0.7446,0.7628,0.8357,"Limited direct skill match with JD. 12y experience (exceeds requirement, strong seniority). highly active profile with recent updates."
CID-0464,87,0.545,0.2159,1.0,0.5746,0.6249,Limited direct skill match with JD. 8y experience matches the 5-8y requirement.
CID-0312,88,0.5443,0.1482,0.8932,0.8074,0.6685,Limited direct skill match with JD. 4y experience (below 5-8y target range). highly active profile with recent updates.
CID-0292,89,0.5437,0.1174,0.9947,0.5906,0.8665,Limited direct skill match with JD. 8y experience matches the 5-8y requirement. location match (Hyderabad).
CID-0212,90,0.5435,0.1566,0.8483,0.8473,0.6619,Limited direct skill match with JD. 6y experience matches the 5-8y requirement. highly active profile with recent updates.
CID-0390,91,0.5435,0.2334,0.7042,0.9755,0.5265,"Limited direct skill match with JD. 17y experience (exceeds requirement, strong seniority). highly active profile with recent updates."
CID-0079,92,0.5434,0.1904,1.0,0.7418,0.4592,Limited direct skill match with JD. 5y experience matches the 5-8y requirement. highly active profile with recent updates.
CID-0188,93,0.5434,0.2048,1.0,0.5344,0.6975,Limited direct skill match with JD. 6y experience matches the 5-8y requirement.
CID-0171,94,0.5432,0.1456,0.6901,0.9196,0.857,"Limited direct skill match with JD. 20y experience (exceeds requirement, strong seniority). highly active profile with recent updates. location match (Remote — India)."
CID-0412,95,0.543,0.1038,0.8984,0.7544,0.84,Limited direct skill match with JD. 6y experience matches the 5-8y requirement. highly active profile with recent updates.
CID-0144,96,0.5427,0.1449,0.8284,0.7234,0.8861,"Limited direct skill match with JD. 10y experience (exceeds requirement, strong seniority). highly active profile with recent updates. location match (Hyderabad)."
CID-0493,97,0.5426,0.1532,0.7184,0.9864,0.6965,"Limited direct skill match with JD. 17y experience (exceeds requirement, strong seniority). highly active profile with recent updates."
CID-0078,98,0.5424,0.2458,0.8419,0.7991,0.4919,"Limited direct skill match with JD. 9y experience (exceeds requirement, strong seniority). highly active profile with recent updates."
CID-0146,99,0.5424,0.2318,0.9188,0.6181,0.6426,"Limited direct skill match with JD. 10y experience (exceeds requirement, strong seniority)."
CID-0281,100,0.5424,0.1849,0.7152,0.8295,0.8249,"Limited direct skill match with JD. 11y experience (exceeds requirement, strong seniority). highly active profile with recent updates. location match (Pune)."
CID-0299,101,0.5422,0.1009,1.0,0.7477,0.6821,Limited direct skill match with JD. 8y experience matches the 5-8y requirement. highly active profile with recent updates.
CID-0356,102,0.5419,0.1604,0.8761,0.8074,0.6481,Limited direct skill match with JD. 4y experience (below 5-8y target range). highly active profile with recent updates.
CID-0376,103,0.5418,0.1863,0.9554,0.7511,0.5214,Limited direct skill match with JD. 7y experience matches the 5-8y requirement. highly active profile with recent updates.
CID-0459,104,0.5417,0.1328,0.9802,0.8566,0.4817,Limited direct skill match with JD. 6y experience matches the 5-8y requirement. highly active profile with recent updates.
CID-0220,105,0.5416,0.1792,0.8041,0.6938,0.8674,Limited direct skill match with JD. 3y experience (below 5-8y target range). location match (Bengaluru).
CID-0257,106,0.5411,0.2289,1.0,0.5095,0.6507,Limited direct skill match with JD. 5y experience matches the 5-8y requirement.
CID-0186,107,0.5409,0.1853,0.9654,0.6192,0.677,Limited direct skill match with JD. 8y experience matches the 5-8y requirement.
CID-0379,108,0.5409,0.0647,0.956,0.8745,0.6744,Limited direct skill match with JD. 5y experience matches the 5-8y requirement. highly active profile with recent updates.
CID-0319,109,0.5404,0.113,0.8962,0.8158,0.7201,"Limited direct skill match with JD. 9y experience (exceeds requirement, strong seniority). highly active profile with recent updates. location match (Pune)."
CID-0443,110,0.5403,0.1296,0.7158,1.0,0.7301,"Limited direct skill match with JD. 14y experience (exceeds requirement, strong seniority). highly active profile with recent updates. location match (Bengaluru)."
CID-0110,111,0.5386,0.1405,1.0,0.5174,0.8597,Limited direct skill match with JD. 5y experience matches the 5-8y requirement. location match (Hyderabad).
CID-0048,112,0.5384,0.2258,0.9003,0.6217,0.6576,"Limited direct skill match with JD. 10y experience (exceeds requirement, strong seniority)."
CID-0117,113,0.5381,0.1799,0.8773,0.7236,0.6806,Limited direct skill match with JD. 8y experience matches the 5-8y requirement. highly active profile with recent updates.
CID-0430,114,0.538,0.1922,0.7567,0.8953,0.6192,Limited direct skill match with JD. 4y experience (below 5-8y target range). highly active profile with recent updates.
CID-0039,115,0.5374,0.16,0.7692,0.7983,0.8098,"Limited direct skill match with JD. 11y experience (exceeds requirement, strong seniority). highly active profile with recent updates."
CID-0269,116,0.5367,0.2073,0.7544,0.8663,0.6126,"Limited direct skill match with JD. 12y experience (exceeds requirement, strong seniority). highly active profile with recent updates."
CID-0387,117,0.5363,0.0929,0.869,0.9408,0.6246,Limited direct skill match with JD. 7y experience matches the 5-8y requirement. highly active profile with recent updates.
CID-0427,118,0.5362,0.0671,0.9321,0.9069,0.6332,"Limited direct skill match with JD. 9y experience (exceeds requirement, strong seniority). highly active profile with recent updates."
CID-0352,119,0.5361,0.0811,0.8826,0.6763,0.9849,"Limited direct skill match with JD. 10y experience (exceeds requirement, strong seniority). location match (Pune)."
CID-0248,120,0.536,0.1338,0.8684,0.8361,0.6547,Limited direct skill match with JD. 4y experience (below 5-8y target range). highly active profile with recent updates.
CID-0058,121,0.5359,0.2025,0.9225,0.6292,0.6562,Limited direct skill match with JD. 7y experience matches the 5-8y requirement.
CID-0218,122,0.5359,0.1445,1.0,0.6635,0.6357,Limited direct skill match with JD. 8y experience matches the 5-8y requirement.
CID-0339,123,0.5359,0.209,0.7522,0.8415,0.6396,"Limited direct skill match with JD. 12y experience (exceeds requirement, strong seniority). highly active profile with recent updates."
CID-0113,124,0.5351,0.1349,0.978,0.5604,0.8301,Limited direct skill match with JD. 7y experience matches the 5-8y requirement. location match (Bengaluru).
CID-0060,125,0.535,0.0762,0.9904,0.809,0.6344,Limited direct skill match with JD. 5y experience matches the 5-8y requirement. highly active profile with recent updates.
CID-0348,126,0.5348,0.1714,0.7239,0.9381,0.6507,"Limited direct skill match with JD. 19y experience (exceeds requirement, strong seniority). highly active profile with recent updates."
CID-0071,127,0.5345,0.1383,0.9868,0.6836,0.6383,Limited direct skill match with JD. 7y experience matches the 5-8y requirement.
CID-0205,128,0.5339,0.1949,0.8741,0.723,0.6188,Limited direct skill match with JD. 8y experience matches the 5-8y requirement. highly active profile with recent updates.
CID-0490,129,0.5338,0.1361,1.0,0.7763,0.4942,Limited direct skill match with JD. 6y experience matches the 5-8y requirement. highly active profile with recent updates.
CID-0358,130,0.5337,0.2373,0.7036,0.8404,0.6321,"Limited direct skill match with JD. 17y experience (exceeds requirement, strong seniority). highly active profile with recent updates."
CID-0145,131,0.5336,0.1611,0.9945,0.7182,0.5128,Limited direct skill match with JD. 8y experience matches the 5-8y requirement. highly active profile with recent updates.
CID-0093,132,0.5334,0.0898,1.0,0.643,0.7924,Limited direct skill match with JD. 6y experience matches the 5-8y requirement.
CID-0190,133,0.5334,0.1691,0.8745,0.7352,0.6675,Limited direct skill match with JD. 5y experience matches the 5-8y requirement. highly active profile with recent updates.
CID-0327,134,0.5332,0.1973,0.8575,0.6872,0.6833,Limited direct skill match with JD. 6y experience matches the 5-8y requirement. location match (Remote — India).
CID-0463,135,0.5331,0.2263,0.8877,0.7251,0.5039,Limited direct skill match with JD. 8y experience matches the 5-8y requirement. highly active profile with recent updates.
CID-0139,136,0.5329,0.1387,0.7806,0.828,0.7781,"Limited direct skill match with JD. 9y experience (exceeds requirement, strong seniority). highly active profile with recent updates."
CID-0329,137,0.5326,0.1065,0.9925,0.5636,0.8608,Limited direct skill match with JD. 8y experience matches the 5-8y requirement. location match (Hyderabad).
CID-0385,138,0.5325,0.1587,0.9871,0.6118,0.6659,Limited direct skill match with JD. 6y experience matches the 5-8y requirement.
CID-0239,139,0.5321,0.2434,0.6926,0.6505,0.8764,"Limited direct skill match with JD. 13y experience (exceeds requirement, strong seniority). location match (Bengaluru)."
CID-0326,140,0.532,0.1756,0.9725,0.7396,0.4712,Limited direct skill match with JD. 6y experience matches the 5-8y requirement. highly active profile with recent updates.
CID-0461,141,0.5309,0.218,1.0,0.4855,0.6437,Limited direct skill match with JD. 7y experience matches the 5-8y requirement.
CID-0496,142,0.5303,0.1828,1.0,0.5245,0.682,Limited direct skill match with JD. 7y experience matches the 5-8y requirement. location match (Bengaluru).
CID-0030,143,0.53,0.0642,1.0,0.6771,0.7927,Limited direct skill match with JD. 5y experience matches the 5-8y requirement.
CID-0353,144,0.53,0.1887,1.0,0.5266,0.6611,Limited direct skill match with JD. 5y experience matches the 5-8y requirement.
CID-0109,145,0.5297,0.2059,0.925,0.5936,0.6493,"Limited direct skill match with JD. 9y experience (exceeds requirement, strong seniority)."
CID-0131,146,0.5289,0.1636,1.0,0.7135,0.4718,Limited direct skill match with JD. 6y experience matches the 5-8y requirement. highly active profile with recent updates.
CID-0203,147,0.5284,0.1228,0.992,0.5151,0.8549,Limited direct skill match with JD. 6y experience matches the 5-8y requirement. location match (Pune).
CID-0395,148,0.5275,0.1088,0.8519,0.7196,0.8474,Limited direct skill match with JD. 7y experience matches the 5-8y requirement. highly active profile with recent updates.
CID-0282,149,0.5271,0.2265,0.9964,0.5739,0.4838,Limited direct skill match with JD. 8y experience matches the 5-8y requirement.
CID-0241,150,0.527,0.1139,0.9766,0.7309,0.6073,Limited direct skill match with JD. 7y experience matches the 5-8y requirement. highly active profile with recent updates.
CID-0254,151,0.5267,0.1895,0.8776,0.7934,0.4855,Limited direct skill match with JD. 6y experience matches the 5-8y requirement. highly active profile with recent updates.
CID-0268,152,0.5267,0.1676,0.9376,0.7544,0.4958,"Limited direct skill match with JD. 9y experience (exceeds requirement, strong seniority). highly active profile with recent updates."
CID-0195,153,0.526,0.1475,0.8779,0.7483,0.6524,"Limited direct skill match with JD. 9y experience (exceeds requirement, strong seniority). highly active profile with recent updates."
CID-0090,154,0.5257,0.1405,0.9963,0.6046,0.6634,Limited direct skill match with JD. 5y experience matches the 5-8y requirement.
CID-0156,155,0.5252,0.218,1.0,0.4456,0.6594,Limited direct skill match with JD. 5y experience matches the 5-8y requirement.
CID-0238,156,0.525,0.1951,0.9917,0.549,0.5948,Limited direct skill match with JD. 8y experience matches the 5-8y requirement.
CID-0405,157,0.5241,0.0914,0.7603,0.8136,0.8986,"Limited direct skill match with JD. 10y experience (exceeds requirement, strong seniority). highly active profile with recent updates. location match (Pune)."
CID-0467,158,0.5238,0.121,0.7101,0.7393,1.0,"Limited direct skill match with JD. 16y experience (exceeds requirement, strong seniority). highly active profile with recent updates. location match (Hyderabad)."
CID-0128,159,0.5237,0.1422,0.8861,0.7262,0.6673,Limited direct skill match with JD. 7y experience matches the 5-8y requirement. highly active profile with recent updates.
CID-0022,160,0.5232,0.0825,1.0,0.7139,0.6496,Limited direct skill match with JD. 5y experience matches the 5-8y requirement. highly active profile with recent updates.
CID-0393,161,0.5232,0.2405,0.633,0.8602,0.645,Limited direct skill match with JD. 3y experience (below 5-8y target range). highly active profile with recent updates.
CID-0355,162,0.5227,0.1294,0.8727,0.6274,0.8488,Limited direct skill match with JD. 6y experience matches the 5-8y requirement. location match (Pune).
CID-0067,163,0.5225,0.1582,0.973,0.6209,0.6119,Limited direct skill match with JD. 6y experience matches the 5-8y requirement.
CID-0032,164,0.5223,0.2371,1.0,0.3957,0.6556,Limited direct skill match with JD. 8y experience matches the 5-8y requirement.
CID-0399,165,0.5221,0.1764,0.7284,0.8622,0.6468,"Limited direct skill match with JD. 15y experience (exceeds requirement, strong seniority). highly active profile with recent updates."
CID-0313,166,0.5218,0.2425,0.6782,0.7897,0.649,"Limited direct skill match with JD. 15y experience (exceeds requirement, strong seniority). highly active profile with recent updates."
CID-0336,167,0.5209,0.0539,0.9963,0.7421,0.679,Limited direct skill match with JD. 7y experience matches the 5-8y requirement. highly active profile with recent updates. location match (Pune).
CID-0296,168,0.5205,0.241,0.9686,0.5218,0.5174,Limited direct skill match with JD. 7y experience matches the 5-8y requirement.
CID-0457,169,0.5196,0.1539,0.8736,0.5672,0.8416,Limited direct skill match with JD. 8y experience matches the 5-8y requirement. location match (Bengaluru).
CID-0421,170,0.5194,0.1211,0.6991,0.8368,0.8591,"Limited direct skill match with JD. 13y experience (exceeds requirement, strong seniority). highly active profile with recent updates."
CID-0314,171,0.5183,0.1061,0.9881,0.6293,0.6867,Limited direct skill match with JD. 5y experience matches the 5-8y requirement. location match (Bengaluru).
CID-0016,172,0.5178,0.1209,0.8781,0.6575,0.7894,Limited direct skill match with JD. 5y experience matches the 5-8y requirement.
CID-0096,173,0.5177,0.2305,0.8634,0.5465,0.6691,"Limited direct skill match with JD. 10y experience (exceeds requirement, strong seniority)."
CID-0157,174,0.5177,0.1396,0.7524,0.8715,0.6628,"Limited direct skill match with JD. 11y experience (exceeds requirement, strong seniority). highly active profile with recent updates."
CID-0446,175,0.5177,0.2518,0.7554,0.6607,0.6398,Limited direct skill match with JD. 3y experience (below 5-8y target range).
CID-0456,176,0.5176,0.0235,0.9889,0.7021,0.8037,Limited direct skill match with JD. 6y experience matches the 5-8y requirement. highly active profile with recent updates. location match (Hyderabad).
CID-0177,177,0.5174,0.2246,0.8948,0.6638,0.474,Limited direct skill match with JD. 7y experience matches the 5-8y requirement.
CID-0024,178,0.5161,0.1975,0.8598,0.7301,0.5076,Limited direct skill match with JD. 4y experience (below 5-8y target range). highly active profile with recent updates.
CID-0422,179,0.5156,0.1744,0.5709,0.9178,0.7969,"Limited direct skill match with JD. 15y experience (exceeds requirement, strong seniority). highly active profile with recent updates."
CID-0120,180,0.5154,0.0189,0.9845,0.8412,0.6233,Limited direct skill match with JD. 8y experience matches the 5-8y requirement. highly active profile with recent updates.
CID-0168,181,0.5153,0.1001,0.9969,0.7449,0.514,Limited direct skill match with JD. 6y experience matches the 5-8y requirement. highly active profile with recent updates.
CID-0038,182,0.5148,0.1414,1.0,0.667,0.4991,Limited direct skill match with JD. 5y experience matches the 5-8y requirement.
CID-0267,183,0.5143,0.2144,0.7664,0.7111,0.6313,"Limited direct skill match with JD. 10y experience (exceeds requirement, strong seniority). highly active profile with recent updates."
CID-0466,184,0.5142,0.1141,0.7387,0.6694,1.0,Limited direct skill match with JD. 3y experience (below 5-8y target range). location match (Bengaluru).
CID-0354,185,0.5141,0.1764,0.7719,0.6372,0.8207,Limited direct skill match with JD. 3y experience (below 5-8y target range).
CID-0180,186,0.5137,0.1721,0.7653,0.6573,0.8136,"Limited direct skill match with JD. 12y experience (exceeds requirement, strong seniority)."
CID-0317,187,0.5137,0.1661,1.0,0.6117,0.4996,Limited direct skill match with JD. 8y experience matches the 5-8y requirement.
CID-0409,188,0.5137,0.1717,0.8405,0.8005,0.4984,Limited direct skill match with JD. 4y experience (below 5-8y target range). highly active profile with recent updates.
CID-0134,189,0.5136,0.1764,0.9945,0.6213,0.4676,Limited direct skill match with JD. 5y experience matches the 5-8y requirement.
CID-0342,190,0.5133,0.2329,0.8641,0.4254,0.7937,"Limited direct skill match with JD. 10y experience (exceeds requirement, strong seniority)."
CID-0398,191,0.5133,0.1145,0.7992,0.7186,0.8263,"Limited direct skill match with JD. 12y experience (exceeds requirement, strong seniority). highly active profile with recent updates. location match (Pune)."
CID-0480,192,0.5132,0.1254,0.9054,0.6861,0.6629,Limited direct skill match with JD. 4y experience (below 5-8y target range).
CID-0222,193,0.5127,0.2656,0.7425,0.7158,0.5181,Limited direct skill match with JD. 4y experience (below 5-8y target range). highly active profile with recent updates.
CID-0091,194,0.5126,0.1515,0.9828,0.5552,0.6352,Limited direct skill match with JD. 5y experience matches the 5-8y requirement.
CID-0439,195,0.5125,0.0716,0.9972,0.7685,0.5391,Limited direct skill match with JD. 7y experience matches the 5-8y requirement. highly active profile with recent updates.
CID-0010,196,0.5119,0.1557,0.6756,0.9309,0.63,"Limited direct skill match with JD. 19y experience (exceeds requirement, strong seniority). highly active profile with recent updates."
CID-0082,197,0.5119,0.2601,0.7651,0.5652,0.6902,"Limited direct skill match with JD. 9y experience (exceeds requirement, strong seniority)."
CID-0245,198,0.5114,0.1843,1.0,0.4342,0.672,Limited direct skill match with JD. 6y experience matches the 5-8y requirement.
CID-0040,199,0.5113,0.1565,0.9027,0.7298,0.514,Limited direct skill match with JD. 8y experience matches the 5-8y requirement. highly active profile with recent updates.
CID-0368,200,0.5106,0.2929,0.5678,0.7351,0.6962,Limited direct skill match with JD. 2y experience (below 5-8y target range). highly active profile with recent updates. location match (Bengaluru).
CID-0075,201,0.5101,0.2294,0.8812,0.6009,0.5189,Limited direct skill match with JD. 5y experience matches the 5-8y requirement.
CID-0473,202,0.51,0.0986,0.5707,0.9957,0.8586,"Limited direct skill match with JD. 14y experience (exceeds requirement, strong seniority). highly active profile with recent updates. location match (Pune)."
CID-0173,203,0.5089,0.0835,1.0,0.6556,0.6289,Limited direct skill match with JD. 8y experience matches the 5-8y requirement.
CID-0332,204,0.5086,0.0605,0.7495,0.9915,0.6583,"Limited direct skill match with JD. 12y experience (exceeds requirement, strong seniority). highly active profile with recent updates."
CID-0149,205,0.5085,0.1655,0.7348,0.8918,0.5347,"Limited direct skill match with JD. 20y experience (exceeds requirement, strong seniority). highly active profile with recent updates."
CID-0046,206,0.5081,0.0519,0.9703,0.7371,0.6491,Limited direct skill match with JD. 6y experience matches the 5-8y requirement. highly active profile with recent updates.
CID-0287,207,0.5077,0.1436,1.0,0.4203,0.7745,Limited direct skill match with JD. 7y experience matches the 5-8y requirement.
CID-0488,208,0.5071,0.1237,0.7282,0.7245,0.8713,"Limited direct skill match with JD. 11y experience (exceeds requirement, strong seniority). highly active profile with recent updates. location match (Hyderabad)."
CID-0029,209,0.5066,0.1918,0.58,0.8025,0.8289,"Limited direct skill match with JD. 15y experience (exceeds requirement, strong seniority). highly active profile with recent updates. location match (Remote — India)."
CID-0375,210,0.5063,0.2316,0.7729,0.5945,0.6772,"Limited direct skill match with JD. 9y experience (exceeds requirement, strong seniority)."
CID-0259,211,0.5062,0.0156,0.9961,0.8772,0.5033,Limited direct skill match with JD. 5y experience matches the 5-8y requirement. highly active profile with recent updates.
CID-0447,212,0.5062,0.0879,1.0,0.7439,0.482,Limited direct skill match with JD. 6y experience matches the 5-8y requirement. highly active profile with recent updates.
CID-0462,213,0.5062,0.1686,0.9853,0.5852,0.5026,Limited direct skill match with JD. 5y experience matches the 5-8y requirement.
CID-0206,214,0.5059,0.225,0.7417,0.6889,0.6182,"Limited direct skill match with JD. 11y experience (exceeds requirement, strong seniority)."
CID-0436,215,0.5056,0.1614,0.7849,0.7228,0.6684,"Limited direct skill match with JD. 12y experience (exceeds requirement, strong seniority). highly active profile with recent updates."
CID-0428,216,0.5055,0.1869,1.0,0.5332,0.4937,Limited direct skill match with JD. 6y experience matches the 5-8y requirement.
CID-0122,217,0.5052,0.1252,0.9606,0.575,0.6662,Limited direct skill match with JD. 5y experience matches the 5-8y requirement.
CID-0097,218,0.5048,0.1504,0.7696,0.7626,0.665,"Limited direct skill match with JD. 12y experience (exceeds requirement, strong seniority). highly active profile with recent updates."
CID-0034,219,0.5043,0.2118,0.9664,0.3938,0.6618,Limited direct skill match with JD. 6y experience matches the 5-8y requirement.
CID-0455,220,0.5039,0.1577,0.786,0.6253,0.7953,"Limited direct skill match with JD. 10y experience (exceeds requirement, strong seniority)."
CID-0492,221,0.5039,0.0469,0.8578,0.7215,0.8426,Limited direct skill match with JD. 8y experience matches the 5-8y requirement. highly active profile with recent updates. location match (Remote — India).
CID-0100,222,0.5037,0.1418,0.8912,0.6474,0.6315,Limited direct skill match with JD. 5y experience matches the 5-8y requirement.
CID-0049,223,0.5035,0.1134,1.0,0.5428,0.6639,Limited direct skill match with JD. 5y experience matches the 5-8y requirement.
CID-0164,224,0.5035,0.1474,0.8718,0.6589,0.6318,Limited direct skill match with JD. 6y experience matches the 5-8y requirement.
CID-0103,225,0.5031,0.0962,0.5666,1.0,0.8197,"Limited direct skill match with JD. 14y experience (exceeds requirement, strong seniority). highly active profile with recent updates. location match (Pune)."
CID-0141,226,0.5029,0.1719,0.8884,0.6857,0.4993,Limited direct skill match with JD. 7y experience matches the 5-8y requirement.
CID-0201,227,0.5028,0.1938,0.7765,0.6969,0.6116,Limited direct skill match with JD. 3y experience (below 5-8y target range).
CID-0160,228,0.5026,0.199,0.763,0.5264,0.8466,Limited direct skill match with JD. 3y experience (below 5-8y target range). location match (Bengaluru).
CID-0235,229,0.5026,0.1339,0.6915,0.7535,0.8365,"Limited direct skill match with JD. 14y experience (exceeds requirement, strong seniority). highly active profile with recent updates. location match (Bengaluru)."
CID-0460,230,0.5024,0.0976,0.8815,0.7006,0.6856,Limited direct skill match with JD. 6y experience matches the 5-8y requirement. highly active profile with recent updates.
CID-0284,231,0.5021,0.0763,0.7619,0.8197,0.7811,"Limited direct skill match with JD. 12y experience (exceeds requirement, strong seniority). highly active profile with recent updates."
CID-0370,232,0.5021,0.134,0.752,0.7943,0.6777,"Limited direct skill match with JD. 11y experience (exceeds requirement, strong seniority). highly active profile with recent updates. location match (Pune)."
CID-0089,233,0.5018,0.2063,0.5763,0.8903,0.6477,"Limited direct skill match with JD. 19y experience (exceeds requirement, strong seniority). highly active profile with recent updates."
CID-0434,234,0.5018,0.2081,0.6905,0.8579,0.4954,"Limited direct skill match with JD. 14y experience (exceeds requirement, strong seniority). highly active profile with recent updates."
CID-0416,235,0.5008,0.155,0.7571,0.7561,0.6551,Limited direct skill match with JD. 4y experience (below 5-8y target range). highly active profile with recent updates.
CID-0196,236,0.5007,0.1779,0.7396,0.753,0.6267,"Limited direct skill match with JD. 12y experience (exceeds requirement, strong seniority). highly active profile with recent updates."
CID-0392,237,0.5006,0.1313,0.6999,0.8822,0.6445,"Limited direct skill match with JD. 17y experience (exceeds requirement, strong seniority). highly active profile with recent updates."
CID-0276,238,0.4996,0.1455,1.0,0.3021,0.8735,Limited direct skill match with JD. 8y experience matches the 5-8y requirement. location match (Remote — India).
CID-0198,239,0.4994,0.0523,0.8738,0.821,0.6388,"Limited direct skill match with JD. 9y experience (exceeds requirement, strong seniority). highly active profile with recent updates."
CID-0088,240,0.4993,0.1733,0.8643,0.6966,0.4971,Limited direct skill match with JD. 4y experience (below 5-8y target range).
CID-0450,241,0.4988,0.1253,0.8623,0.5434,0.8297,Limited direct skill match with JD. 8y experience matches the 5-8y requirement.
CID-0297,242,0.4985,0.1371,0.701,0.831,0.6811,"Limited direct skill match with JD. 15y experience (exceeds requirement, strong seniority). highly active profile with recent updates. location match (Remote — India)."
CID-0249,243,0.498,0.0,1.0,0.6409,0.7985,Limited direct skill match with JD. 6y experience matches the 5-8y requirement.
CID-0214,244,0.4978,0.1572,0.7118,0.9347,0.4671,"Limited direct skill match with JD. 18y experience (exceeds requirement, strong seniority). highly active profile with recent updates."
CID-0420,245,0.4976,0.1586,0.9944,0.5546,0.4974,Limited direct skill match with JD. 8y experience matches the 5-8y requirement.
CID-0265,246,0.4975,0.1441,0.8827,0.7369,0.4786,Limited direct skill match with JD. 8y experience matches the 5-8y requirement. highly active profile with recent updates.
CID-0043,247,0.4972,0.1234,0.7704,0.6839,0.7897,"Limited direct skill match with JD. 11y experience (exceeds requirement, strong seniority)."
CID-0411,248,0.4968,0.1525,0.775,0.7156,0.6595,Limited direct skill match with JD. 3y experience (below 5-8y target range). highly active profile with recent updates.
CID-0500,249,0.4967,0.0447,0.9828,0.6667,0.6653,Limited direct skill match with JD. 8y experience matches the 5-8y requirement.
CID-0498,250,0.4961,0.1876,1.0,0.4742,0.5082,Limited direct skill match with JD. 7y experience matches the 5-8y requirement.
CID-0311,251,0.496,0.1126,0.7682,0.7919,0.6704,Limited direct skill match with JD. 4y experience (below 5-8y target range). highly active profile with recent updates.
CID-0363,252,0.496,0.0968,1.0,0.6588,0.5036,Limited direct skill match with JD. 8y experience matches the 5-8y requirement.
CID-0419,253,0.4955,0.1842,0.7264,0.7025,0.6651,"Limited direct skill match with JD. 12y experience (exceeds requirement, strong seniority). highly active profile with recent updates."
CID-0225,254,0.4952,0.1182,1.0,0.5105,0.6386,Limited direct skill match with JD. 7y experience matches the 5-8y requirement.
CID-0330,255,0.4952,0.109,0.778,0.5356,1.0,"Limited direct skill match with JD. 11y experience (exceeds requirement, strong seniority). location match (Pune)."
CID-0251,256,0.495,0.0777,1.0,0.4809,0.7848,Limited direct skill match with JD. 5y experience matches the 5-8y requirement.
CID-0045,257,0.4947,0.2185,0.7722,0.5761,0.6604,"Limited direct skill match with JD. 12y experience (exceeds requirement, strong seniority)."
CID-0183,258,0.4944,0.1098,1.0,0.6235,0.5054,Limited direct skill match with JD. 8y experience matches the 5-8y requirement.
CID-0115,259,0.494,0.1191,0.7358,0.7208,0.7885,"Limited direct skill match with JD. 12y experience (exceeds requirement, strong seniority). highly active profile with recent updates."
CID-0054,260,0.4939,0.0841,0.8859,0.7193,0.6326,Limited direct skill match with JD. 5y experience matches the 5-8y requirement. highly active profile with recent updates.
CID-0069,261,0.4933,0.1761,0.8395,0.5346,0.7074,Limited direct skill match with JD. 4y experience (below 5-8y target range). location match (Remote — India).
CID-0007,262,0.4931,0.1427,0.7552,0.7075,0.705,"Limited direct skill match with JD. 10y experience (exceeds requirement, strong seniority). highly active profile with recent updates. location match (Pune)."
CID-0228,263,0.4929,0.1171,1.0,0.6047,0.5009,Limited direct skill match with JD. 6y experience matches the 5-8y requirement.
CID-0320,264,0.4923,0.187,0.9029,0.605,0.472,"Limited direct skill match with JD. 9y experience (exceeds requirement, strong seniority)."
CID-0182,265,0.492,0.2527,0.556,0.7826,0.636,Limited direct skill match with JD. 2y experience (below 5-8y target range). highly active profile with recent updates.
CID-0047,266,0.4917,0.1563,0.8905,0.5538,0.6384,"Limited direct skill match with JD. 9y experience (exceeds requirement, strong seniority)."
CID-0261,267,0.4917,0.0355,0.8556,0.8474,0.6273,Limited direct skill match with JD. 4y experience (below 5-8y target range). highly active profile with recent updates.
CID-0068,268,0.4915,0.1315,0.5779,0.9589,0.6846,"Limited direct skill match with JD. 15y experience (exceeds requirement, strong seniority). highly active profile with recent updates. location match (Remote — India)."
CID-0232,269,0.4915,0.1212,0.9863,0.4875,0.6596,Limited direct skill match with JD. 6y experience matches the 5-8y requirement.
CID-0476,270,0.491,0.1997,0.6135,0.8058,0.6441,Limited direct skill match with JD. 2y experience (below 5-8y target range). highly active profile with recent updates.
CID-0150,271,0.4906,0.1285,0.6847,0.8505,0.6531,"Limited direct skill match with JD. 15y experience (exceeds requirement, strong seniority). highly active profile with recent updates."
CID-0302,272,0.4903,0.1367,0.8905,0.5284,0.7152,Limited direct skill match with JD. 5y experience matches the 5-8y requirement. location match (Hyderabad).
CID-0033,273,0.4888,0.2548,0.6739,0.5996,0.6565,"Limited direct skill match with JD. 14y experience (exceeds requirement, strong seniority)."
CID-0300,274,0.4887,0.1506,0.7345,0.7395,0.6459,"Limited direct skill match with JD. 9y experience (exceeds requirement, strong seniority). highly active profile with recent updates."
CID-0104,275,0.4873,0.1461,0.8674,0.5694,0.6542,Limited direct skill match with JD. 7y experience matches the 5-8y requirement.
CID-0027,276,0.4868,0.1088,1.0,0.4683,0.6638,Limited direct skill match with JD. 7y experience matches the 5-8y requirement.
CID-0250,277,0.4867,0.1745,0.5957,0.8615,0.638,"Limited direct skill match with JD. 14y experience (exceeds requirement, strong seniority). highly active profile with recent updates."
CID-0200,278,0.4866,0.0382,0.7238,0.853,0.7982,"Limited direct skill match with JD. 18y experience (exceeds requirement, strong seniority). highly active profile with recent updates."
CID-0310,279,0.4865,0.0669,0.889,0.8008,0.5152,Limited direct skill match with JD. 7y experience matches the 5-8y requirement. highly active profile with recent updates.
CID-0364,280,0.4865,0.1241,0.7721,0.7361,0.6442,Limited direct skill match with JD. 4y experience (below 5-8y target range). highly active profile with recent updates.
CID-0216,281,0.4863,0.2128,0.6845,0.6931,0.6094,"Limited direct skill match with JD. 13y experience (exceeds requirement, strong seniority)."
CID-0165,282,0.4862,0.0956,0.7126,0.8587,0.6538,"Limited direct skill match with JD. 15y experience (exceeds requirement, strong seniority). highly active profile with recent updates."
CID-0065,283,0.4857,0.1567,0.8862,0.5976,0.5463,"Limited direct skill match with JD. 9y experience (exceeds requirement, strong seniority)."
CID-0369,284,0.4853,0.0698,0.8807,0.8143,0.4957,"Limited direct skill match with JD. 9y experience (exceeds requirement, strong seniority). highly active profile with recent updates."
CID-0126,285,0.4852,0.1692,0.5768,0.9797,0.5159,"Limited direct skill match with JD. 20y experience (exceeds requirement, strong seniority). highly active profile with recent updates."
CID-0402,286,0.485,0.1106,0.6764,0.8816,0.6355,"Limited direct skill match with JD. 13y experience (exceeds requirement, strong seniority). highly active profile with recent updates."
CID-0475,287,0.4847,0.1431,0.7045,0.8908,0.488,"Limited direct skill match with JD. 13y experience (exceeds requirement, strong seniority). highly active profile with recent updates."
CID-0394,288,0.4846,0.1269,0.8893,0.657,0.534,Limited direct skill match with JD. 5y experience matches the 5-8y requirement.
CID-0408,289,0.4846,0.1881,1.0,0.3998,0.5294,Limited direct skill match with JD. 5y experience matches the 5-8y requirement.
CID-0344,290,0.4845,0.0954,1.0,0.4883,0.6578,Limited direct skill match with JD. 8y experience matches the 5-8y requirement.
CID-0253,291,0.484,0.1966,0.562,0.7051,0.8255,Limited direct skill match with JD. 1y experience (below 5-8y target range). highly active profile with recent updates. location match (Pune).
CID-0426,292,0.4839,0.07,0.8651,0.655,0.7243,Limited direct skill match with JD. 5y experience matches the 5-8y requirement. location match (Bengaluru).
CID-0107,293,0.4835,0.06,0.8805,0.7108,0.6482,Limited direct skill match with JD. 4y experience (below 5-8y target range). highly active profile with recent updates.
CID-0021,294,0.4834,0.0916,0.7541,0.5572,0.9784,Limited direct skill match with JD. 4y experience (below 5-8y target range). location match (Remote — India).
CID-0487,295,0.4833,0.169,0.5634,1.0,0.4991,Limited direct skill match with JD. 1y experience (below 5-8y target range). highly active profile with recent updates.
CID-0255,296,0.483,0.1256,0.7783,0.6929,0.6642,Limited direct skill match with JD. 3y experience (below 5-8y target range).
CID-0442,297,0.4824,0.0833,0.9056,0.6984,0.5531,Limited direct skill match with JD. 4y experience (below 5-8y target range).
CID-0137,298,0.482,0.1742,0.9078,0.4434,0.6448,Limited direct skill match with JD. 4y experience (below 5-8y target range).
CID-0014,299,0.4819,0.1145,0.9267,0.6636,0.478,"Limited direct skill match with JD. 9y experience (exceeds requirement, strong seniority)."
CID-0260,300,0.4817,0.156,0.8976,0.595,0.5058,Limited direct skill match with JD. 8y experience matches the 5-8y requirement.
CID-0243,301,0.4816,0.0954,0.9833,0.4953,0.6571,Limited direct skill match with JD. 6y experience matches the 5-8y requirement.
CID-0004,302,0.481,0.1565,0.7622,0.6672,0.6297,Limited direct skill match with JD. 3y experience (below 5-8y target range).
CID-0193,303,0.481,0.1332,0.7372,0.7365,0.6407,"Limited direct skill match with JD. 18y experience (exceeds requirement, strong seniority). highly active profile with recent updates."
CID-0051,304,0.4809,0.1635,0.8712,0.621,0.4902,Limited direct skill match with JD. 7y experience matches the 5-8y requirement.
CID-0056,305,0.4804,0.1618,0.6349,0.804,0.6413,"Limited direct skill match with JD. 11y experience (exceeds requirement, strong seniority). highly active profile with recent updates."
CID-0085,306,0.4802,0.1431,0.7963,0.7415,0.5042,Limited direct skill match with JD. 3y experience (below 5-8y target range). highly active profile with recent updates.
CID-0499,307,0.4801,0.1041,0.6157,0.798,0.8326,"Limited direct skill match with JD. 13y experience (exceeds requirement, strong seniority). highly active profile with recent updates. location match (Hyderabad)."
CID-0001,308,0.4799,0.0759,0.8765,0.5418,0.814,Limited direct skill match with JD. 5y experience matches the 5-8y requirement.
CID-0309,309,0.4799,0.057,0.8518,0.702,0.6918,Limited direct skill match with JD. 7y experience matches the 5-8y requirement. highly active profile with recent updates. location match (Remote — India).
CID-0484,310,0.4799,0.1622,0.8852,0.575,0.525,"Limited direct skill match with JD. 9y experience (exceeds requirement, strong seniority)."
CID-0036,311,0.4798,0.0396,1.0,0.5522,0.6904,Limited direct skill match with JD. 7y experience matches the 5-8y requirement.
CID-0448,312,0.4791,0.1944,0.7055,0.7487,0.5018,"Limited direct skill match with JD. 14y experience (exceeds requirement, strong seniority). highly active profile with recent updates."
CID-0154,313,0.4787,0.2452,0.5689,0.5573,0.8459,Limited direct skill match with JD. 2y experience (below 5-8y target range). location match (Hyderabad).
CID-0381,314,0.4786,0.1155,0.8898,0.5799,0.6266,Limited direct skill match with JD. 4y experience (below 5-8y target range).
CID-0301,315,0.4785,0.1527,0.9876,0.4873,0.4871,Limited direct skill match with JD. 7y experience matches the 5-8y requirement.
CID-0338,316,0.4777,0.1495,0.7039,0.822,0.5166,"Limited direct skill match with JD. 13y experience (exceeds requirement, strong seniority). highly active profile with recent updates."
CID-0050,317,0.4775,0.0454,0.758,0.862,0.6498,"Limited direct skill match with JD. 12y experience (exceeds requirement, strong seniority). highly active profile with recent updates."
CID-0035,318,0.4774,0.1477,0.5942,0.869,0.6396,Limited direct skill match with JD. 1y experience (below 5-8y target range). highly active profile with recent updates.
CID-0101,319,0.4772,0.0823,0.7049,0.8476,0.6572,"Limited direct skill match with JD. 13y experience (exceeds requirement, strong seniority). highly active profile with recent updates."
CID-0347,320,0.4768,0.1496,0.5925,0.8768,0.6229,"Limited direct skill match with JD. 14y experience (exceeds requirement, strong seniority). highly active profile with recent updates."
CID-0003,321,0.4766,0.1293,0.7623,0.6666,0.6733,Limited direct skill match with JD. 4y experience (below 5-8y target range).
CID-0191,322,0.476,0.1343,0.852,0.5688,0.6365,Limited direct skill match with JD. 8y experience matches the 5-8y requirement.
CID-0236,323,0.4759,0.1568,0.8595,0.5275,0.6189,"Limited direct skill match with JD. 10y experience (exceeds requirement, strong seniority)."
CID-0105,324,0.4754,0.154,0.7827,0.7206,0.4937,"Limited direct skill match with JD. 9y experience (exceeds requirement, strong seniority). highly active profile with recent updates."
CID-0274,325,0.4752,0.1028,0.7523,0.8409,0.5187,"Limited direct skill match with JD. 12y experience (exceeds requirement, strong seniority). highly active profile with recent updates."
CID-0262,326,0.4748,0.0255,0.9764,0.7163,0.515,Limited direct skill match with JD. 8y experience matches the 5-8y requirement. highly active profile with recent updates.
CID-0341,327,0.4748,0.1811,0.9032,0.5177,0.4868,Limited direct skill match with JD. 5y experience matches the 5-8y requirement.
CID-0365,328,0.4738,0.0922,0.8759,0.7243,0.487,Limited direct skill match with JD. 6y experience matches the 5-8y requirement. highly active profile with recent updates.
CID-0304,329,0.4729,0.2166,0.6297,0.7968,0.4634,Limited direct skill match with JD. 3y experience (below 5-8y target range). highly active profile with recent updates.
CID-0497,330,0.4724,0.14,0.8899,0.5881,0.5084,Limited direct skill match with JD. 7y experience matches the 5-8y requirement.
CID-0118,331,0.4723,0.0987,0.753,0.5751,0.8637,Limited direct skill match with JD. 4y experience (below 5-8y target range). location match (Hyderabad).
CID-0019,332,0.4722,0.1566,0.5678,0.8628,0.6334,"Limited direct skill match with JD. 17y experience (exceeds requirement, strong seniority). highly active profile with recent updates."
CID-0465,333,0.4719,0.141,0.8676,0.5304,0.6165,Limited direct skill match with JD. 4y experience (below 5-8y target range).
CID-0453,334,0.4699,0.0884,0.7457,0.621,0.8258,Limited direct skill match with JD. 3y experience (below 5-8y target range).
CID-0221,335,0.4698,0.1588,0.7154,0.6481,0.6521,"Limited direct skill match with JD. 13y experience (exceeds requirement, strong seniority)."
CID-0215,336,0.4697,0.1191,0.8587,0.5371,0.6664,Limited direct skill match with JD. 8y experience matches the 5-8y requirement.
CID-0213,337,0.4692,0.1451,0.5469,0.7378,0.8461,Limited direct skill match with JD. 2y experience (below 5-8y target range). highly active profile with recent updates. location match (Hyderabad).
CID-0108,338,0.4691,0.1223,0.9657,0.3965,0.6631,Limited direct skill match with JD. 6y experience matches the 5-8y requirement.
CID-0470,339,0.4689,0.116,0.7533,0.6746,0.6616,Limited direct skill match with JD. 3y experience (below 5-8y target range).
CID-0152,340,0.4687,0.12,0.8532,0.5106,0.702,Limited direct skill match with JD. 6y experience matches the 5-8y requirement. location match (Remote — India).
CID-0053,341,0.4675,0.1507,0.92,0.4847,0.5349,Limited direct skill match with JD. 4y experience (below 5-8y target range).
CID-0009,342,0.4668,0.0617,0.9879,0.5877,0.5175,Limited direct skill match with JD. 8y experience matches the 5-8y requirement.
CID-0275,343,0.4665,0.1546,0.9764,0.438,0.4867,Limited direct skill match with JD. 6y experience matches the 5-8y requirement.
CID-0315,344,0.4664,0.1315,0.973,0.3501,0.6705,Limited direct skill match with JD. 6y experience matches the 5-8y requirement.
CID-0132,345,0.4663,0.0276,0.7327,0.9887,0.4958,"Limited direct skill match with JD. 10y experience (exceeds requirement, strong seniority). highly active profile with recent updates."
CID-0247,346,0.466,0.0,0.8511,0.7837,0.6431,"Limited direct skill match with JD. 10y experience (exceeds requirement, strong seniority). highly active profile with recent updates."
CID-0444,347,0.4655,0.0914,0.7769,0.5846,0.7856,Limited direct skill match with JD. 4y experience (below 5-8y target range).
CID-0396,348,0.4654,0.0564,0.7781,0.4917,1.0,"Limited direct skill match with JD. 11y experience (exceeds requirement, strong seniority). location match (Remote — India)."
CID-0114,349,0.4653,0.1128,0.7025,0.8265,0.5285,"Limited direct skill match with JD. 14y experience (exceeds requirement, strong seniority). highly active profile with recent updates."
CID-0031,350,0.4652,0.1409,0.8552,0.4684,0.6758,Limited direct skill match with JD. 8y experience matches the 5-8y requirement. location match (Bengaluru).
CID-0451,351,0.4644,0.0961,0.8745,0.4315,0.8067,Limited direct skill match with JD. 5y experience matches the 5-8y requirement.
CID-0280,352,0.4643,0.2149,0.6651,0.6976,0.4837,Limited direct skill match with JD. 3y experience (below 5-8y target range).
CID-0361,353,0.464,0.1628,0.611,0.5879,0.8568,Limited direct skill match with JD. 1y experience (below 5-8y target range). location match (Pune).
CID-0219,354,0.4637,0.195,0.7671,0.4971,0.6298,Limited direct skill match with JD. 4y experience (below 5-8y target range).
CID-0371,355,0.4631,0.149,0.755,0.5758,0.6642,"Limited direct skill match with JD. 11y experience (exceeds requirement, strong seniority)."
CID-0403,356,0.4627,0.2058,0.5811,0.7035,0.6296,"Limited direct skill match with JD. 14y experience (exceeds requirement, strong seniority). highly active profile with recent updates."
CID-0130,357,0.462,0.1955,0.6483,0.6187,0.653,Limited direct skill match with JD. 3y experience (below 5-8y target range).
CID-0073,358,0.4617,0.0803,0.7674,0.7003,0.6508,Limited direct skill match with JD. 3y experience (below 5-8y target range). highly active profile with recent updates.
CID-0121,359,0.4617,0.1378,0.8815,0.386,0.7269,"Limited direct skill match with JD. 9y experience (exceeds requirement, strong seniority). location match (Pune)."
CID-0417,360,0.4617,0.111,1.0,0.4752,0.4814,Limited direct skill match with JD. 7y experience matches the 5-8y requirement.
CID-0192,361,0.4612,0.0308,0.746,0.8154,0.6617,"Limited direct skill match with JD. 11y experience (exceeds requirement, strong seniority). highly active profile with recent updates."
CID-0025,362,0.4611,0.1193,0.6994,0.8231,0.4928,"Limited direct skill match with JD. 16y experience (exceeds requirement, strong seniority). highly active profile with recent updates."
CID-0061,363,0.4611,0.1203,0.7729,0.5038,0.7933,Limited direct skill match with JD. 4y experience (below 5-8y target range).
CID-0486,364,0.4611,0.0701,1.0,0.5815,0.4449,Limited direct skill match with JD. 5y experience matches the 5-8y requirement.
CID-0119,365,0.4609,0.1599,0.7069,0.598,0.6709,"Limited direct skill match with JD. 13y experience (exceeds requirement, strong seniority)."
CID-0367,366,0.4607,0.137,0.8935,0.5533,0.4789,"Limited direct skill match with JD. 10y experience (exceeds requirement, strong seniority)."
CID-0002,367,0.4599,0.1105,0.7301,0.5326,0.8447,Limited direct skill match with JD. 3y experience (below 5-8y target range). location match (Hyderabad).
CID-0026,368,0.4597,0.1484,0.7023,0.7657,0.4774,"Limited direct skill match with JD. 13y experience (exceeds requirement, strong seniority). highly active profile with recent updates."
CID-0406,369,0.4597,0.0,1.0,0.6853,0.4846,Limited direct skill match with JD. 6y experience matches the 5-8y requirement.
CID-0410,370,0.4596,0.1659,0.7787,0.6026,0.5203,"Limited direct skill match with JD. 9y experience (exceeds requirement, strong seniority)."
CID-0373,371,0.4592,0.1091,0.7647,0.6448,0.6364,Limited direct skill match with JD. 4y experience (below 5-8y target range).
CID-0471,372,0.459,0.1674,0.6532,0.5207,0.8309,Limited direct skill match with JD. 3y experience (below 5-8y target range). location match (Remote — India).
CID-0106,373,0.4583,0.0824,0.7144,0.7246,0.679,"Limited direct skill match with JD. 15y experience (exceeds requirement, strong seniority). highly active profile with recent updates."
CID-0111,374,0.4583,0.1098,0.8284,0.4196,0.8224,Limited direct skill match with JD. 5y experience matches the 5-8y requirement. location match (Hyderabad).
CID-0349,375,0.4581,0.1155,0.7073,0.6668,0.6783,"Limited direct skill match with JD. 13y experience (exceeds requirement, strong seniority). location match (Pune)."
CID-0429,376,0.457,0.0419,0.915,0.6657,0.522,Limited direct skill match with JD. 4y experience (below 5-8y target range).
CID-0441,377,0.457,0.0324,0.6759,0.8939,0.6417,"Limited direct skill match with JD. 18y experience (exceeds requirement, strong seniority). highly active profile with recent updates."
CID-0270,378,0.4565,0.2267,0.5522,0.6615,0.6363,"Limited direct skill match with JD. 16y experience (exceeds requirement, strong seniority)."
CID-0094,379,0.4564,0.0362,0.9702,0.505,0.6557,Limited direct skill match with JD. 6y experience matches the 5-8y requirement.
CID-0125,380,0.4559,0.1221,0.8868,0.4378,0.6521,Limited direct skill match with JD. 4y experience (below 5-8y target range).
CID-0230,381,0.4554,0.192,0.7389,0.616,0.4713,Limited direct skill match with JD. 3y experience (below 5-8y target range).
CID-0291,382,0.4553,0.1587,0.707,0.716,0.4792,"Limited direct skill match with JD. 18y experience (exceeds requirement, strong seniority). highly active profile with recent updates."
CID-0307,383,0.4531,0.2413,0.5569,0.7369,0.4662,Limited direct skill match with JD. 1y experience (below 5-8y target range). highly active profile with recent updates.
CID-0055,384,0.453,0.2097,0.6291,0.5614,0.6639,Limited direct skill match with JD. 3y experience (below 5-8y target range).
CID-0380,385,0.4527,0.0227,0.989,0.3688,0.8173,Limited direct skill match with JD. 7y experience matches the 5-8y requirement.
CID-0278,386,0.4525,0.0951,0.629,0.9158,0.4935,"Limited direct skill match with JD. 11y experience (exceeds requirement, strong seniority). highly active profile with recent updates."
CID-0333,387,0.4524,0.1654,0.55,0.7644,0.6388,"Limited direct skill match with JD. 17y experience (exceeds requirement, strong seniority). highly active profile with recent updates."
CID-0080,388,0.4515,0.2155,0.4755,0.716,0.6881,Limited direct skill match with JD. 2y experience (below 5-8y target range). highly active profile with recent updates.
CID-0008,389,0.451,0.2225,0.9777,0.2354,0.4697,Limited direct skill match with JD. 6y experience matches the 5-8y requirement. low recent activity.
CID-0469,390,0.4506,0.0627,1.0,0.5011,0.5021,Limited direct skill match with JD. 6y experience matches the 5-8y requirement.
CID-0148,391,0.4504,0.1658,0.4633,0.7115,0.8398,Limited direct skill match with JD. 2y experience (below 5-8y target range). highly active profile with recent updates. location match (Pune).
CID-0170,392,0.4504,0.112,0.7115,0.6036,0.7133,"Limited direct skill match with JD. 9y experience (exceeds requirement, strong seniority). location match (Hyderabad)."
CID-0378,393,0.45,0.0628,0.8946,0.5271,0.6388,Limited direct skill match with JD. 5y experience matches the 5-8y requirement.
CID-0285,394,0.4499,0.1372,0.7665,0.6447,0.4963,"Limited direct skill match with JD. 11y experience (exceeds requirement, strong seniority)."
CID-0323,395,0.4497,0.1341,0.4829,0.7657,0.8144,Limited direct skill match with JD. 1y experience (below 5-8y target range). highly active profile with recent updates.
CID-0386,396,0.4497,0.0545,0.8655,0.5658,0.656,Limited direct skill match with JD. 6y experience matches the 5-8y requirement.
CID-0018,397,0.4496,0.1103,0.7745,0.6496,0.5464,Limited direct skill match with JD. 4y experience (below 5-8y target range).
CID-0414,398,0.4486,0.1431,0.7366,0.6626,0.4978,"Limited direct skill match with JD. 9y experience (exceeds requirement, strong seniority)."
CID-0413,399,0.4484,0.0743,1.0,0.4747,0.4919,Limited direct skill match with JD. 6y experience matches the 5-8y requirement.
CID-0044,400,0.4473,0.0691,0.886,0.5126,0.6378,Limited direct skill match with JD. 6y experience matches the 5-8y requirement.
CID-0340,401,0.4471,0.1946,0.7286,0.5739,0.4819,"Limited direct skill match with JD. 14y experience (exceeds requirement, strong seniority)."
CID-0169,402,0.4469,0.0812,0.7589,0.6501,0.6311,Limited direct skill match with JD. 3y experience (below 5-8y target range).
CID-0359,403,0.4454,0.1345,0.732,0.5424,0.6677,Limited direct skill match with JD. 3y experience (below 5-8y target range). location match (Bengaluru).
CID-0372,404,0.445,0.1046,0.9055,0.4986,0.5137,Limited direct skill match with JD. 5y experience matches the 5-8y requirement.
CID-0388,405,0.4442,0.1367,0.4474,0.8805,0.677,Limited direct skill match with JD. 1y experience (below 5-8y target range). highly active profile with recent updates. location match (Pune).
CID-0066,406,0.4441,0.2366,0.552,0.526,0.7086,Limited direct skill match with JD. 2y experience (below 5-8y target range). location match (Hyderabad).
CID-0418,407,0.4436,0.0418,0.6911,0.8825,0.5174,"Limited direct skill match with JD. 17y experience (exceeds requirement, strong seniority). highly active profile with recent updates."
CID-0098,408,0.4435,0.1629,0.689,0.5547,0.6341,"Limited direct skill match with JD. 13y experience (exceeds requirement, strong seniority)."
CID-0012,409,0.4429,0.1582,0.887,0.407,0.5096,Limited direct skill match with JD. 4y experience (below 5-8y target range).
CID-0227,410,0.4423,0.0936,0.7255,0.765,0.4696,"Limited direct skill match with JD. 16y experience (exceeds requirement, strong seniority). highly active profile with recent updates."
CID-0202,411,0.4419,0.0815,0.4607,0.7241,0.9956,Limited direct skill match with JD. 2y experience (below 5-8y target range). highly active profile with recent updates. location match (Remote — India).
CID-0328,412,0.4414,0.0382,0.8945,0.4779,0.7126,"Limited direct skill match with JD. 10y experience (exceeds requirement, strong seniority). location match (Bengaluru)."
CID-0391,413,0.4414,0.0165,0.8712,0.5907,0.6589,Limited direct skill match with JD. 5y experience matches the 5-8y requirement.
CID-0176,414,0.441,0.0376,0.845,0.5536,0.6932,"Limited direct skill match with JD. 9y experience (exceeds requirement, strong seniority). location match (Pune)."
CID-0362,415,0.4403,0.058,0.9731,0.4839,0.5134,Limited direct skill match with JD. 8y experience matches the 5-8y requirement.
CID-0072,416,0.4402,0.0697,0.7031,0.813,0.4928,"Limited direct skill match with JD. 18y experience (exceeds requirement, strong seniority). highly active profile with recent updates."
CID-0397,417,0.4402,0.2274,0.5898,0.5001,0.6782,Limited direct skill match with JD. 1y experience (below 5-8y target range).
CID-0217,418,0.4401,0.1464,0.5902,0.7808,0.5187,"Limited direct skill match with JD. 17y experience (exceeds requirement, strong seniority). highly active profile with recent updates."
CID-0226,419,0.4399,0.146,0.5792,0.699,0.646,"Limited direct skill match with JD. 14y experience (exceeds requirement, strong seniority)."
CID-0366,420,0.4397,0.178,0.6073,0.6059,0.6366,Limited direct skill match with JD. 2y experience (below 5-8y target range).
CID-0306,421,0.4389,0.0782,0.5597,0.859,0.6396,"Limited direct skill match with JD. 14y experience (exceeds requirement, strong seniority). highly active profile with recent updates."
CID-0062,422,0.4386,0.1482,0.7304,0.5934,0.52,"Limited direct skill match with JD. 14y experience (exceeds requirement, strong seniority)."
CID-0256,423,0.4378,0.32,0.4734,0.5922,0.487,Limited direct skill match with JD. 2y experience (below 5-8y target range).
CID-0432,424,0.4372,0.1508,0.7261,0.3878,0.785,"Limited direct skill match with JD. 11y experience (exceeds requirement, strong seniority)."
CID-0020,425,0.4366,0.1825,0.6887,0.4586,0.665,"Limited direct skill match with JD. 13y experience (exceeds requirement, strong seniority)."
CID-0322,426,0.4355,0.0516,0.9712,0.3898,0.6274,Limited direct skill match with JD. 6y experience matches the 5-8y requirement.
CID-0489,427,0.4354,0.0595,0.6788,0.7335,0.6348,"Limited direct skill match with JD. 14y experience (exceeds requirement, strong seniority). highly active profile with recent updates."
CID-0063,428,0.4346,0.2222,0.6851,0.4745,0.5305,"Limited direct skill match with JD. 17y experience (exceeds requirement, strong seniority)."
CID-0210,429,0.4335,0.1452,0.8704,0.2942,0.6601,Limited direct skill match with JD. 6y experience matches the 5-8y requirement. low recent activity.
CID-0271,430,0.4328,0.0178,0.5843,0.7843,0.8186,"Limited direct skill match with JD. 16y experience (exceeds requirement, strong seniority). highly active profile with recent updates."
CID-0208,431,0.4315,0.1028,0.7383,0.5532,0.6347,"Limited direct skill match with JD. 10y experience (exceeds requirement, strong seniority)."
CID-0077,432,0.4305,0.2254,0.5884,0.4487,0.69,Limited direct skill match with JD. 1y experience (below 5-8y target range).
CID-0017,433,0.4304,0.1089,0.5511,0.8667,0.5051,"Limited direct skill match with JD. 13y experience (exceeds requirement, strong seniority). highly active profile with recent updates."
CID-0383,434,0.4303,0.0,1.0,0.4941,0.5435,Limited direct skill match with JD. 6y experience matches the 5-8y requirement.
CID-0485,435,0.4279,0.067,0.697,0.7606,0.4979,"Limited direct skill match with JD. 16y experience (exceeds requirement, strong seniority). highly active profile with recent updates."
CID-0233,436,0.4276,0.1707,0.4514,0.5707,0.8819,Limited direct skill match with JD. 1y experience (below 5-8y target range). location match (Pune).
CID-0112,437,0.4275,0.0705,0.7426,0.4855,0.7767,Limited direct skill match with JD. 3y experience (below 5-8y target range).
CID-0140,438,0.4268,0.2421,0.6196,0.5138,0.4819,Limited direct skill match with JD. 1y experience (below 5-8y target range).
CID-0028,439,0.4262,0.0667,0.8942,0.5131,0.489,Limited direct skill match with JD. 7y experience matches the 5-8y requirement.
CID-0495,440,0.4253,0.1613,0.7187,0.5295,0.5013,"Limited direct skill match with JD. 10y experience (exceeds requirement, strong seniority)."
CID-0431,441,0.4252,0.0155,0.9957,0.2444,0.8083,Limited direct skill match with JD. 6y experience matches the 5-8y requirement. low recent activity.
CID-0474,442,0.4244,0.1044,0.6127,0.6502,0.6627,Limited direct skill match with JD. 3y experience (below 5-8y target range).
CID-0153,443,0.423,0.1919,0.6478,0.4459,0.634,"Limited direct skill match with JD. 12y experience (exceeds requirement, strong seniority)."
CID-0337,444,0.4226,0.1152,0.6835,0.5546,0.6312,"Limited direct skill match with JD. 14y experience (exceeds requirement, strong seniority)."
CID-0277,445,0.4224,0.1338,0.7197,0.6085,0.4483,Limited direct skill match with JD. 4y experience (below 5-8y target range).
CID-0167,446,0.4208,0.1995,0.7328,0.3116,0.6362,Limited direct skill match with JD. 3y experience (below 5-8y target range).
CID-0229,447,0.4178,0.1078,0.7949,0.5134,0.4884,Limited direct skill match with JD. 3y experience (below 5-8y target range).
CID-0407,448,0.4176,0.1624,0.5831,0.5406,0.6585,"Limited direct skill match with JD. 14y experience (exceeds requirement, strong seniority)."
CID-0187,449,0.4172,0.0598,0.8068,0.4878,0.6267,Limited direct skill match with JD. 3y experience (below 5-8y target range).
CID-0099,450,0.4169,0.1228,0.6039,0.5964,0.65,"Limited direct skill match with JD. 18y experience (exceeds requirement, strong seniority)."
CID-0102,451,0.4157,0.1773,0.5683,0.5167,0.6622,Limited direct skill match with JD. 1y experience (below 5-8y target range).
CID-0023,452,0.4152,0.197,0.4634,0.6017,0.6679,Limited direct skill match with JD. 2y experience (below 5-8y target range).
CID-0437,453,0.4149,0.1101,0.5605,0.6714,0.6429,"Limited direct skill match with JD. 19y experience (exceeds requirement, strong seniority)."
CID-0081,454,0.4147,0.1322,0.5389,0.6394,0.6617,"Limited direct skill match with JD. 13y experience (exceeds requirement, strong seniority). location match (Hyderabad)."
CID-0234,455,0.4134,0.2007,0.7695,0.2263,0.6369,Limited direct skill match with JD. 4y experience (below 5-8y target range). low recent activity.
CID-0076,456,0.4126,0.0706,0.8657,0.3694,0.6272,Limited direct skill match with JD. 6y experience matches the 5-8y requirement.
CID-0283,457,0.4125,0.1315,0.7725,0.471,0.4836,Limited direct skill match with JD. 3y experience (below 5-8y target range).
CID-0189,458,0.4123,0.1199,0.7736,0.4812,0.4978,Limited direct skill match with JD. 3y experience (below 5-8y target range).
CID-0479,459,0.4107,0.0542,0.7744,0.3781,0.7987,Limited direct skill match with JD. 3y experience (below 5-8y target range).
CID-0142,460,0.4102,0.2796,0.5499,0.4061,0.5313,Limited direct skill match with JD. 1y experience (below 5-8y target range).
CID-0123,461,0.4101,0.0252,0.8722,0.5246,0.5138,Limited direct skill match with JD. 7y experience matches the 5-8y requirement.
CID-0324,462,0.4092,0.205,0.5738,0.5311,0.5169,Limited direct skill match with JD. 2y experience (below 5-8y target range).
CID-0415,463,0.4058,0.0994,0.764,0.5063,0.492,"Limited direct skill match with JD. 11y experience (exceeds requirement, strong seniority)."
CID-0343,464,0.4047,0.027,0.5985,0.7178,0.6716,"Limited direct skill match with JD. 13y experience (exceeds requirement, strong seniority). highly active profile with recent updates."
CID-0258,465,0.4043,0.0471,0.8883,0.3199,0.6624,Limited direct skill match with JD. 4y experience (below 5-8y target range).
CID-0158,466,0.404,0.1231,0.5832,0.5601,0.6464,Limited direct skill match with JD. 2y experience (below 5-8y target range).
CID-0468,467,0.4034,0.0948,0.7746,0.5212,0.4504,Limited direct skill match with JD. 3y experience (below 5-8y target range).
CID-0244,468,0.402,0.0487,0.7208,0.5094,0.6694,"Limited direct skill match with JD. 10y experience (exceeds requirement, strong seniority)."
CID-0155,469,0.4002,0.0966,0.5621,0.5914,0.6848,Limited direct skill match with JD. 1y experience (below 5-8y target range). location match (Hyderabad).
CID-0334,470,0.3987,0.0303,0.7679,0.4954,0.6368,Limited direct skill match with JD. 4y experience (below 5-8y target range).
CID-0042,471,0.3974,0.1068,0.5741,0.5462,0.6797,Limited direct skill match with JD. 2y experience (below 5-8y target range).
CID-0209,472,0.397,0.0476,0.7564,0.5845,0.4798,"Limited direct skill match with JD. 9y experience (exceeds requirement, strong seniority)."
CID-0231,473,0.3967,0.0279,0.8479,0.5161,0.4688,Limited direct skill match with JD. 5y experience matches the 5-8y requirement.
CID-0401,474,0.3956,0.0569,0.5758,0.5647,0.7732,Limited direct skill match with JD. 2y experience (below 5-8y target range).
CID-0308,475,0.3932,0.086,0.5943,0.5719,0.6388,Limited direct skill match with JD. 1y experience (below 5-8y target range).
CID-0289,476,0.3899,0.1088,0.4458,0.7019,0.6304,Limited direct skill match with JD. 2y experience (below 5-8y target range). highly active profile with recent updates.
CID-0424,477,0.3869,0.0893,0.6626,0.4399,0.65,Limited direct skill match with JD. 3y experience (below 5-8y target range).
CID-0321,478,0.3854,0.1277,0.6436,0.5029,0.4853,Limited direct skill match with JD. 3y experience (below 5-8y target range).
CID-0350,479,0.3853,0.1487,0.4358,0.4766,0.8106,Limited direct skill match with JD. 1y experience (below 5-8y target range).
CID-0052,480,0.3835,0.0381,0.5812,0.6243,0.654,Limited direct skill match with JD. 1y experience (below 5-8y target range).
CID-0143,481,0.3815,0.1158,0.4317,0.6643,0.6294,Limited direct skill match with JD. 2y experience (below 5-8y target range).
CID-0272,482,0.3793,0.1231,0.6445,0.1975,0.8631,Limited direct skill match with JD. 3y experience (below 5-8y target range). low recent activity. location match (Pune).
CID-0273,483,0.3785,0.0455,0.7682,0.3566,0.6465,Limited direct skill match with JD. 3y experience (below 5-8y target range).
CID-0295,484,0.3782,0.1715,0.4775,0.5932,0.4774,Limited direct skill match with JD. 2y experience (below 5-8y target range).
CID-0384,485,0.3776,0.021,0.5806,0.5332,0.7825,"Limited direct skill match with JD. 13y experience (exceeds requirement, strong seniority)."
CID-0335,486,0.3759,0.1095,0.5856,0.5698,0.4782,Limited direct skill match with JD. 1y experience (below 5-8y target range).
CID-0433,487,0.3713,0.043,0.5739,0.5808,0.6298,Limited direct skill match with JD. 2y experience (below 5-8y target range).
CID-0175,488,0.3708,0.0421,0.7205,0.4856,0.5114,"Limited direct skill match with JD. 11y experience (exceeds requirement, strong seniority)."
CID-0116,489,0.3692,0.0977,0.5877,0.4156,0.6674,Limited direct skill match with JD. 2y experience (below 5-8y target range).
CID-0057,490,0.3632,0.0564,0.6493,0.5169,0.4993,"Limited direct skill match with JD. 12y experience (exceeds requirement, strong seniority)."
CID-0013,491,0.3631,0.0593,0.4457,0.6446,0.66,Limited direct skill match with JD. 1y experience (below 5-8y target range).
CID-0382,492,0.3625,0.0511,0.6567,0.5029,0.5155,Limited direct skill match with JD. 3y experience (below 5-8y target range).
CID-0264,493,0.3582,0.1244,0.577,0.4469,0.4984,Limited direct skill match with JD. 1y experience (below 5-8y target range).
CID-0138,494,0.3573,0.1001,0.5722,0.5158,0.4738,Limited direct skill match with JD. 2y experience (below 5-8y target range).
CID-0483,495,0.3572,0.0578,0.7824,0.3373,0.4737,"Limited direct skill match with JD. 12y experience (exceeds requirement, strong seniority)."
CID-0059,496,0.3565,0.0216,0.5631,0.6529,0.5101,"Limited direct skill match with JD. 17y experience (exceeds requirement, strong seniority)."
CID-0435,497,0.3475,0.1462,0.4569,0.4972,0.5021,Limited direct skill match with JD. 1y experience (below 5-8y target range).
CID-0374,498,0.3286,0.1247,0.4598,0.4482,0.4939,Limited direct skill match with JD. 1y experience (below 5-8y target range).
CID-0400,499,0.318,0.1463,0.4833,0.2058,0.6498,Limited direct skill match with JD. 2y experience (below 5-8y target range). low recent activity.
CID-0357,500,0.2683,0.0542,0.4743,0.2969,0.4576,Limited direct skill match with JD. 2y experience (below 5-8y target range). low recent activity.
